-- =============================================
-- ESTÁDIOS
-- =============================================
INSERT INTO estadio (estadio_id, nome) VALUES
    ('a1b2c3d4-0001-0000-0000-000000000001', 'Maracanã'),
    ('a1b2c3d4-0002-0000-0000-000000000002', 'Allianz Parque'),
    ('a1b2c3d4-0003-0000-0000-000000000003', 'Arena Corinthians'),
    ('a1b2c3d4-0004-0000-0000-000000000004', 'Mineirão'),
    ('a1b2c3d4-0005-0000-0000-000000000005', 'Arena do Grêmio');

-- =============================================
-- CLUBES
-- =============================================
INSERT INTO clube (clube_id, nome, sigla_estado, data_criacao, ativo) VALUES
    ('b1b2c3d4-0001-0000-0000-000000000001', 'Flamengo',          'RJ', '1895-11-15', true),
    ('b1b2c3d4-0002-0000-0000-000000000002', 'Fluminense',         'RJ', '1902-07-21', true),
    ('b1b2c3d4-0003-0000-0000-000000000003', 'Palmeiras',          'SP', '1914-08-26', true),
    ('b1b2c3d4-0004-0000-0000-000000000004', 'Corinthians',        'SP', '1910-09-01', true),
    ('b1b2c3d4-0005-0000-0000-000000000005', 'Atlético Mineiro',   'MG', '1908-03-25', true),
    ('b1b2c3d4-0006-0000-0000-000000000006', 'Grêmio',             'RS', '1903-09-15', true),
    ('b1b2c3d4-0007-0000-0000-000000000007', 'Botafogo',           'RJ', '1894-07-12', false);

-- =============================================
-- PARTIDAS
-- =============================================
INSERT INTO partida (partida_id, clube_casa_id, clube_visitante_id, estadio_id, data_hora_partida, gols_casa, gols_visitante) VALUES
    ('c1b2c3d4-0001-0000-0000-000000000001',
        'b1b2c3d4-0001-0000-0000-000000000001',
        'b1b2c3d4-0002-0000-0000-000000000002',
        'a1b2c3d4-0001-0000-0000-000000000001',
        '2024-04-10T16:00:00', 2, 1),

    ('c1b2c3d4-0002-0000-0000-000000000002',
        'b1b2c3d4-0003-0000-0000-000000000003',
        'b1b2c3d4-0004-0000-0000-000000000004',
        'a1b2c3d4-0002-0000-0000-000000000002',
        '2024-04-20T18:30:00', 1, 1),

    ('c1b2c3d4-0003-0000-0000-000000000003',
        'b1b2c3d4-0005-0000-0000-000000000005',
        'b1b2c3d4-0001-0000-0000-000000000001',
        'a1b2c3d4-0004-0000-0000-000000000004',
        '2024-05-05T11:00:00', 0, 3),

    ('c1b2c3d4-0004-0000-0000-000000000004',
        'b1b2c3d4-0006-0000-0000-000000000006',
        'b1b2c3d4-0003-0000-0000-000000000003',
        'a1b2c3d4-0005-0000-0000-000000000005',
        '2024-05-15T19:00:00', 2, 0);
